"order_id","order_date","amount","product_id"
1,"2023-01-05","49.99",101
2,"2023-01-12","29.95",102
3,"2023-01-18","99.50",103
4,"2023-01-22","15.75",101
5,"2023-02-03","199.00",104
6,"2023-02-10","24.99",105
7,"2023-02-15","79.99",102
8,"2023-02-20","59.50",103
9,"2023-03-01","149.95",106
10,"2023-03-08","39.99",101
11,"2023-03-14","89.00",104
12,"2023-03-21","19.99",105
